split,detector,condition,machine,source_mix_auc,target_mix_auc,mix_pauc,official_score
evaluation,raw-BEATs,raw,BlowerDustCollector,74.82,87.76,72.0,77.62164774937813
evaluation,raw-BEATs,raw,Sander,71.26,62.62,51.94736842105263,60.91035357132258
evaluation,raw-BEATs,raw,SewingMachine,65.52,62.29999999999999,66.0,64.56417758213442
evaluation,raw-BEATs,raw,ToothBrush,67.26,45.22,50.1578947368421,52.706637458579486
development,raw-BEATs,raw,ToyCar,45.42,91.3,55.52631578947368,58.847629351778544
development,raw-BEATs,raw,ToyCarEmu,47.459999999999994,90.74,52.57894736842105,58.69705199857673
evaluation,raw-BEATs,raw,ToyDrone,62.32,71.03999999999999,57.8421052631579,63.27614291434921
development,raw-BEATs,raw,bearingEmu,66.72000000000001,62.08,61.26315789473684,63.26540454234415
development,raw-BEATs,raw,fan,56.54,48.89999999999999,53.315789473684205,52.730878494999004
development,raw-BEATs,raw,gearboxEmu,73.86000000000001,69.98,53.78947368421052,64.6274227243321
development,raw-BEATs,raw,sliderEmu,67.94,71.24000000000001,56.15789473684211,64.42902825171326
development,raw-BEATs,raw,valveEmu,80.39999999999999,77.06,56.684210526315795,69.6761999205322
evaluation,raw-BEATs,w1_global,BlowerDustCollector,79.80000000000001,91.06,73.1578947368421,80.68384761113848
evaluation,raw-BEATs,w1_global,Sander,77.98,67.54,55.94736842105264,65.92858369878168
evaluation,raw-BEATs,w1_global,SewingMachine,79.3,68.14,67.10526315789474,71.1103205642746
evaluation,raw-BEATs,w1_global,ToothBrush,69.36000000000001,46.220000000000006,53.21052631578947,54.6981506336445
development,raw-BEATs,w1_global,ToyCar,43.580000000000005,91.10000000000001,56.315789473684205,58.04923974250149
development,raw-BEATs,w1_global,ToyCarEmu,54.31999999999999,90.7,52.26315789473684,61.76814844089743
evaluation,raw-BEATs,w1_global,ToyDrone,64.76,75.62,62.31578947368421,67.09466690998467
development,raw-BEATs,w1_global,bearingEmu,72.76,72.2,63.68421052631579,69.28932915885225
development,raw-BEATs,w1_global,fan,87.60000000000001,59.959999999999994,56.368421052631575,65.45396497153381
development,raw-BEATs,w1_global,gearboxEmu,78.64,80.67999999999999,60.68421052631579,72.13346727600549
development,raw-BEATs,w1_global,sliderEmu,72.26,82.4,61.68421052631579,71.11289543631817
development,raw-BEATs,w1_global,valveEmu,89.1,92.10000000000001,62.631578947368425,78.84881899211477
evaluation,dis-BEATs,raw,BlowerDustCollector,80.14000000000001,94.17999999999999,76.94736842105263,83.12085600306148
evaluation,dis-BEATs,raw,Sander,68.8,62.68,53.57894736842105,61.03393537075319
evaluation,dis-BEATs,raw,SewingMachine,72.86,68.24,69.36842105263158,70.10181900799842
evaluation,dis-BEATs,raw,ToothBrush,72.75999999999999,63.06,55.1578947368421,62.85157682740362
development,dis-BEATs,raw,ToyCar,43.32,89.16000000000001,53.10526315789473,56.46490936771357
development,dis-BEATs,raw,ToyCarEmu,48.31999999999999,91.34,51.26315789473684,58.65027296984374
evaluation,dis-BEATs,raw,ToyDrone,71.54,68.54,60.526315789473685,66.53366797306764
development,dis-BEATs,raw,bearingEmu,69.8,66.56,62.31578947368421,66.08223053952067
development,dis-BEATs,raw,fan,72.26,38.34,52.57894736842105,50.8989134119994
development,dis-BEATs,raw,gearboxEmu,77.94,75.02,54.94736842105263,67.6294168206848
development,dis-BEATs,raw,sliderEmu,74.24,72.98,56.89473684210527,67.04130835870713
development,dis-BEATs,raw,valveEmu,92.14,93.8,72.26315789473684,84.86001020701586
evaluation,dis-BEATs,w1_global,BlowerDustCollector,80.69999999999999,93.92,73.78947368421052,81.98737022869139
evaluation,dis-BEATs,w1_global,Sander,80.52,70.94,59.78947368421053,69.37852466972465
evaluation,dis-BEATs,w1_global,SewingMachine,84.78,73.86,70.63157894736842,75.96410608739087
evaluation,dis-BEATs,w1_global,ToothBrush,69.8,61.040000000000006,53.57894736842105,60.76146931429628
development,dis-BEATs,w1_global,ToyCar,44.22,90.0,55.00000000000001,57.79552715654952
development,dis-BEATs,w1_global,ToyCarEmu,49.2,92.56,51.26315789473684,59.24616009536769
evaluation,dis-BEATs,w1_global,ToyDrone,70.06000000000002,72.89999999999999,64.10526315789473,68.82273903498877
development,dis-BEATs,w1_global,bearingEmu,76.75999999999999,74.17999999999999,65.21052631578948,71.69608547346932
development,dis-BEATs,w1_global,fan,94.74000000000001,73.0,62.78947368421053,74.66388143999335
development,dis-BEATs,w1_global,gearboxEmu,79.14000000000001,79.9,59.473684210526315,71.48705622081978
development,dis-BEATs,w1_global,sliderEmu,74.5,81.88,63.63157894736842,72.54914348080315
development,dis-BEATs,w1_global,valveEmu,91.7,96.72,77.47368421052632,87.84295300614153
