comparison,condition,description,summary_path,protocol_path,inputs_path,app_path,references_path,reference_name,reference_url,reference_note,feature_model,model_training,split,detector,score_multiplier,symbol
DCASE 2026 Evaluation / BEATs_iter3,b0,近接マイク,results/02-summary.csv,docs/02-protocol.md,docs/02-inputs.md,apps/02_b0_b1_w1_ss.py,results/02-challenge-references.json,,,,BEATs_iter3,なし（重み固定）,,,,
DCASE 2026 Evaluation / BEATs_iter3,b1,遠方マイク,results/02-summary.csv,docs/02-protocol.md,docs/02-inputs.md,apps/02_b0_b1_w1_ss.py,results/02-challenge-references.json,,,,BEATs_iter3,なし（重み固定）,,,,
DCASE 2026 Evaluation / BEATs_iter3,w1,振幅と位相を合わせて減算,results/02-summary.csv,docs/02-protocol.md,docs/02-inputs.md,apps/02_b0_b1_w1_ss.py,results/02-challenge-references.json,Ozeki技術報告,https://dcase.community/documents/challenge2026/technical_reports/DCASE2026_Ozeki_101_t2.pdf,同形の減算,BEATs_iter3,なし（重み固定）,,,,
DCASE 2026 Evaluation / BEATs_iter3,ss,振幅スペクトル減算,results/02-summary.csv,docs/02-protocol.md,docs/02-inputs.md,apps/02_b0_b1_w1_ss.py,results/02-challenge-references.json,Chu・Qian技術報告,https://dcase.community/documents/challenge2026/technical_reports/DCASE2026_Qian_65_t2.pdf,式1,BEATs_iter3,なし（重み固定）,,,,
DCASE 2026 Development / 固定BEATs（第3回）,raw,近接マイク,results/03-beats/summary.csv,reproduction/asd03/README.md#入力と固定条件,reproduction/asd03/README.md#入力の取得と配置,,,,,,BEATs_iter3,なし（重み固定）,development,raw-BEATs,1,B0
DCASE 2026 Development / 固定BEATs（第3回）,w1_global,全区間の複素線形減算,results/03-beats/summary.csv,reproduction/asd03/README.md#入力と固定条件,reproduction/asd03/README.md#入力の取得と配置,,,,,,BEATs_iter3,なし（重み固定）,development,raw-BEATs,1,W1
DCASE 2026 Development / BEATs追加学習（第3回）,raw,近接マイク,results/03-beats/summary.csv,reproduction/asd03/README.md#入力と固定条件,reproduction/asd03/README.md#入力の取得と配置,,,,,,BEATs_iter3 + LoRA,"正常12,000音・25epoch",development,dis-BEATs,1,B0
DCASE 2026 Development / BEATs追加学習（第3回）,w1_global,全区間の複素線形減算,results/03-beats/summary.csv,reproduction/asd03/README.md#入力と固定条件,reproduction/asd03/README.md#入力の取得と配置,,,,,,BEATs_iter3 + LoRA,"正常12,000音・25epoch",development,dis-BEATs,1,W1
DCASE 2026 Evaluation / 固定BEATs（第3回）,raw,近接マイク,results/03-beats/summary.csv,reproduction/asd03/README.md#入力と固定条件,reproduction/asd03/README.md#入力の取得と配置,,,,,,BEATs_iter3,なし（重み固定）,evaluation,raw-BEATs,1,B0
DCASE 2026 Evaluation / 固定BEATs（第3回）,w1_global,全区間の複素線形減算,results/03-beats/summary.csv,reproduction/asd03/README.md#入力と固定条件,reproduction/asd03/README.md#入力の取得と配置,,,,,,BEATs_iter3,なし（重み固定）,evaluation,raw-BEATs,1,W1
DCASE 2026 Evaluation / BEATs追加学習（第3回）,raw,近接マイク,results/03-beats/summary.csv,reproduction/asd03/README.md#入力と固定条件,reproduction/asd03/README.md#入力の取得と配置,,,,,,BEATs_iter3 + LoRA,"正常12,000音・25epoch",evaluation,dis-BEATs,1,B0
DCASE 2026 Evaluation / BEATs追加学習（第3回）,w1_global,全区間の複素線形減算,results/03-beats/summary.csv,reproduction/asd03/README.md#入力と固定条件,reproduction/asd03/README.md#入力の取得と配置,,,,,,BEATs_iter3 + LoRA,"正常12,000音・25epoch",evaluation,dis-BEATs,1,W1
