condition,machine,auc_all,auc_source,auc_target,pauc
b0,BlowerDustCollector,0.8129000000000001,0.7482,0.8776,0.72
b0,Sander,0.6694,0.7126,0.6262,0.5194736842105263
b0,SewingMachine,0.6390999999999999,0.6552,0.6229999999999999,0.66
b0,ToothBrush,0.5624000000000001,0.6726000000000001,0.4522,0.501578947368421
b0,ToyDrone,0.6668000000000001,0.6232,0.7103999999999999,0.578421052631579
b1,BlowerDustCollector,0.6702,0.6804,0.66,0.598421052631579
b1,Sander,0.5311,0.5287999999999999,0.5334,0.4926315789473684
b1,SewingMachine,0.6285,0.618,0.639,0.5915789473684211
b1,ToothBrush,0.5277000000000001,0.5596,0.4958,0.5136842105263157
b1,ToyDrone,0.6979,0.7372000000000001,0.6586,0.5710526315789474
w1,BlowerDustCollector,0.8543000000000001,0.7980000000000002,0.9106,0.731578947368421
w1,Sander,0.7276000000000001,0.7798,0.6754,0.5594736842105263
w1,SewingMachine,0.7372,0.793,0.6814,0.6710526315789473
w1,ToothBrush,0.5779000000000001,0.6936000000000001,0.46220000000000006,0.5321052631578947
w1,ToyDrone,0.7019,0.6476000000000001,0.7562,0.6231578947368421
ss,BlowerDustCollector,0.8449000000000001,0.771,0.9188000000000001,0.7347368421052631
ss,Sander,0.6768,0.7198,0.6337999999999999,0.5236842105263158
ss,SewingMachine,0.6977000000000001,0.7528,0.6426,0.6468421052631579
ss,ToothBrush,0.5263,0.6252,0.4274,0.4963157894736842
ss,ToyDrone,0.6053,0.5598,0.6508,0.5757894736842105
